model_id,station,AccessMode,Brd_PA,Brd_Direct_PA,Brd_Transfer_PA,Source_Brd_PA,Source_Brd_Direct_PA,Source_Brd_Transfer_PA,Brd_PA_Perc,Brd_Direct_PA_Perc,Brd_Transfer_PA_Perc
OBS,01-OGDEN STATION,drive,1452.874,0.0,0.0,14955.118,0.0,0.0,0.09714894927609398,,
OBS,01-OGDEN STATION,walk,495.237,0.0,0.0,5672.892,0.0,0.0,0.08729885920620382,,
OBS,02-ROY STATION,drive,699.224,0.0,0.0,14955.118,0.0,0.0,0.0467548300187267,,
OBS,02-ROY STATION,walk,168.575,0.0,0.0,5672.892,0.0,0.0,0.029715883891320335,,
OBS,03-CLEARFIELD STATION,drive,745.345,0.0,0.0,14955.118,0.0,0.0,0.049838790974434305,,
OBS,03-CLEARFIELD STATION,walk,238.296,0.0,0.0,5672.892,0.0,0.0,0.04200608790013982,,
OBS,04-LAYTON STATION,drive,1113.116,0.0,0.0,14955.118,0.0,0.0,0.07443043913127265,,
OBS,04-LAYTON STATION,walk,384.134,0.0,0.0,5672.892,0.0,0.0,0.06771396317786413,,
OBS,05-FARMINGTON STATION,drive,385.481,0.0,0.0,14955.118,0.0,0.0,0.025775858137662304,,
OBS,05-FARMINGTON STATION,walk,120.055,0.0,0.0,5672.892,0.0,0.0,0.021162927127821227,,
OBS,06-WOODS CROSS STATION,drive,594.331,0.0,0.0,14955.118,0.0,0.0,0.039740976968553506,,
OBS,06-WOODS CROSS STATION,walk,173.169,0.0,0.0,5672.892,0.0,0.0,0.030525700119092697,,
OBS,07-NORTH TEMPLE STATION,drive,335.673,0.0,0.0,14955.118,0.0,0.0,0.022445359508363624,,
OBS,07-NORTH TEMPLE STATION,walk,661.147,0.0,0.0,5672.892,0.0,0.0,0.11654496507248861,,
OBS,08-SALT LAKE CENTRAL STATION,drive,367.738,0.0,0.0,14955.118,0.0,0.0,0.024589441554389607,,
OBS,08-SALT LAKE CENTRAL STATION,walk,529.444,0.0,0.0,5672.892,0.0,0.0,0.09332876423524368,,
OBS,09-MURRAY CENTRAL STATION,drive,1029.668,0.0,0.0,14955.118,0.0,0.0,0.06885054333907628,,
OBS,09-MURRAY CENTRAL STATION,walk,805.649,0.0,0.0,5672.892,0.0,0.0,0.14201733436843147,,
OBS,10-SOUTH JORDAN STATION,drive,985.477,0.0,0.0,14955.118,0.0,0.0,0.06589563519324956,,
OBS,10-SOUTH JORDAN STATION,walk,206.56,0.0,0.0,5672.892,0.0,0.0,0.03641176317123612,,
OBS,11-DRAPER STATION,drive,935.648,0.0,0.0,14955.118,0.0,0.0,0.0625637323623926,,
OBS,11-DRAPER STATION,walk,144.648,0.0,0.0,5672.892,0.0,0.0,0.025498105728083666,,
OBS,12-LEHI STATION,drive,1128.372,0.0,0.0,14955.118,0.0,0.0,0.07545055812999937,,
OBS,12-LEHI STATION,walk,292.189,0.0,0.0,5672.892,0.0,0.0,0.051506180621806306,,
OBS,13-AMERICAN FORK STATION,drive,1423.768,0.0,0.0,14955.118,0.0,0.0,0.09520272591630503,,
OBS,13-AMERICAN FORK STATION,walk,136.077,0.0,0.0,5672.892,0.0,0.0,0.023987236139873632,,
OBS,14-OREM CENTRAL STATION,drive,1475.024,0.0,0.0,14955.118,0.0,0.0,0.0986300475863848,,
OBS,14-OREM CENTRAL STATION,walk,371.804,0.0,0.0,5672.892,0.0,0.0,0.06554046860049513,,
OBS,15-PROVO CENTRAL STATION,drive,2283.379,0.0,0.0,14955.118,0.0,0.0,0.15268211190309564,,
OBS,15-PROVO CENTRAL STATION,walk,945.908,0.0,0.0,5672.892,0.0,0.0,0.16674176063989937,,
v910-official__BY_2019,01-OGDEN STATION,drive,573.84,573.65,0.19,12195.93,12194.51,1.42,0.04705176235022668,0.04704166055052642,0.13380281690140847
v910-official__BY_2019,02-ROY STATION,drive,1012.23,1012.19,0.04,12195.93,12194.51,1.42,0.08299736059488698,0.08300374512793052,0.028169014084507043
v910-official__BY_2019,03-CLEARFIELD STATION,drive,703.78,703.74,0.04,12195.93,12194.51,1.42,0.0577061363914027,0.05770957586651698,0.028169014084507043
v910-official__BY_2019,04-LAYTON STATION,drive,879.7,879.66,0.04,12195.93,12194.51,1.42,0.07213062062507739,0.07213573977142172,0.028169014084507043
v910-official__BY_2019,05-FARMINGTON STATION,drive,427.84,427.8,0.04,12195.93,12194.51,1.42,0.035080555562388434,0.035081360382664004,0.028169014084507043
v910-official__BY_2019,06-WOODS CROSS STATION,drive,948.15,948.18,-0.03,12195.93,12194.51,1.42,0.07774314873896455,0.07775466172892555,-0.02112676056338028
v910-official__BY_2019,07-NORTH TEMPLE STATION,drive,74.26,74.02,0.24,12195.93,12194.51,1.42,0.006088916548389504,0.006069944589819517,0.16901408450704225
v910-official__BY_2019,08-SALT LAKE CENTRAL STATION,drive,149.53,149.49,0.04,12195.93,12194.51,1.42,0.012260647609489394,0.012258795146340444,0.028169014084507043
v910-official__BY_2019,09-MURRAY CENTRAL STATION,drive,785.62,785.56,0.06,12195.93,12194.51,1.42,0.06441657175795532,0.0644191525530751,0.04225352112676056
v910-official__BY_2019,10-SOUTH JORDAN STATION,drive,1355.59,1355.64,-0.05,12195.93,12194.51,1.42,0.11115101513373724,0.11116805841317118,-0.035211267605633804
v910-official__BY_2019,11-DRAPER STATION,drive,1114.04,1114.12,-0.08,12195.93,12194.51,1.42,0.09134522746522815,0.09136242456646473,-0.056338028169014086
v910-official__BY_2019,12-LEHI STATION,drive,1309.31,1309.25,0.06,12195.93,12194.51,1.42,0.10735630657112659,0.10736388751987574,0.04225352112676056
v910-official__BY_2019,13-AMERICAN FORK STATION,drive,1522.56,1522.39,0.17,12195.93,12194.51,1.42,0.12484164799240402,0.12484224458383322,0.11971830985915495
v910-official__BY_2019,14-OREM CENTRAL STATION,drive,1127.05,1126.86,0.19,12195.93,12194.51,1.42,0.09241197678241839,0.0924071569911378,0.13380281690140847
v910-official__BY_2019,15-PROVO CENTRAL STATION,drive,212.43,211.96,0.47,12195.93,12194.51,1.42,0.017418105876304636,0.017381592208297013,0.33098591549295775
v910-official__BY_2019,01-OGDEN STATION,walk,701.3,53.35,647.95,6418.96,2708.54,3710.42,0.10925445866620137,0.019696958509012236,0.1746298262730365
v910-official__BY_2019,02-ROY STATION,walk,400.59,361.69,38.9,6418.96,2708.54,3710.42,0.06240730585640041,0.1335368870313896,0.01048398833555231
v910-official__BY_2019,03-CLEARFIELD STATION,walk,559.78,454.33,105.45,6418.96,2708.54,3710.42,0.08720727345239727,0.16773981554638293,0.02841996323866301
v910-official__BY_2019,04-LAYTON STATION,walk,325.29,127.63,197.66,6418.96,2708.54,3710.42,0.05067643356556203,0.047121327357173975,0.0532715972854825
v910-official__BY_2019,05-FARMINGTON STATION,walk,154.58,112.79,41.79,6418.96,2708.54,3710.42,0.024081782718695866,0.041642360829081355,0.011262875900841414
v910-official__BY_2019,06-WOODS CROSS STATION,walk,386.02,298.3,87.72,6418.96,2708.54,3710.42,0.060137467751785335,0.1101331344562015,0.02364152845230459
v910-official__BY_2019,07-NORTH TEMPLE STATION,walk,229.79,174.59,55.2,6418.96,2708.54,3710.42,0.035798634046636836,0.06445908127625953,0.014877022008290167
v910-official__BY_2019,08-SALT LAKE CENTRAL STATION,walk,597.27,10.85,586.42,6418.96,2708.54,3710.42,0.09304778344155439,0.004005848169124325,0.1580467979366217
v910-official__BY_2019,09-MURRAY CENTRAL STATION,walk,695.29,131.84,563.45,6418.96,2708.54,3710.42,0.10831816992160723,0.04867567028731346,0.15185612410454882
v910-official__BY_2019,10-SOUTH JORDAN STATION,walk,315.25,253.68,61.57,6418.96,2708.54,3710.42,0.0491123172601169,0.09365931461230036,0.01659380878714539
v910-official__BY_2019,11-DRAPER STATION,walk,179.26,149.85,29.41,6418.96,2708.54,3710.42,0.027926642322120717,0.055325009045463606,0.007926326399706772
v910-official__BY_2019,12-LEHI STATION,walk,346.21,209.07,137.14,6418.96,2708.54,3710.42,0.053935528496828145,0.07718918679436154,0.03696077533001654
v910-official__BY_2019,13-AMERICAN FORK STATION,walk,80.95,80.96,-0.01,6418.96,2708.54,3710.42,0.012611077183842866,0.029890642190995884,-2.695112682661262e-06
v910-official__BY_2019,14-OREM CENTRAL STATION,walk,231.71,129.59,102.12,6418.96,2708.54,3710.42,0.03609774792178172,0.047844964445789985,0.027522490715336807
v910-official__BY_2019,15-PROVO CENTRAL STATION,walk,1215.67,160.02,1055.65,6418.96,2708.54,3710.42,0.1893873773944689,0.059079799449149734,0.28450957034513613
v910-official__RTP_2050,01-OGDEN STATION,drive,2959.34,2959.51,-0.17,43880.24,43880.87,-0.63,0.067441290202606,0.06744419606995031,0.2698412698412699
v910-official__RTP_2050,02-ROY STATION,drive,4278.46,4278.45,0.01,43880.24,43880.87,-0.63,0.09750311301852498,0.09750148527137223,-0.015873015873015872
v910-official__RTP_2050,03-CLEARFIELD STATION,drive,2407.12,2407.12,0.0,43880.24,43880.87,-0.63,0.054856582370561326,0.05485579479167117,-0.0
v910-official__RTP_2050,04-LAYTON STATION,drive,3267.0,3267.0,0.0,43880.24,43880.87,-0.63,0.07445264656711086,0.07445157764647783,-0.0
v910-official__RTP_2050,05-FARMINGTON STATION,drive,2418.61,2418.66,-0.05,43880.24,43880.87,-0.63,0.055118431439755124,0.055118779550177556,0.07936507936507937
v910-official__RTP_2050,06-WOODS CROSS STATION,drive,3866.03,3866.1,-0.07,43880.24,43880.87,-0.63,0.08810412158183274,0.08810445189441321,0.11111111111111112
v910-official__RTP_2050,07-NORTH TEMPLE STATION,drive,122.36,122.41,-0.05,43880.24,43880.87,-0.63,0.0027884988778548157,0.00278959829192083,0.07936507936507937
v910-official__RTP_2050,08-SALT LAKE CENTRAL STATION,drive,308.2,308.46,-0.26,43880.24,43880.87,-0.63,0.007023662587077919,0.007029486881185354,0.41269841269841273
v910-official__RTP_2050,09-MURRAY CENTRAL STATION,drive,2321.42,2321.53,-0.11,43880.24,43880.87,-0.63,0.05290353926961202,0.05290528651779238,0.1746031746031746
v910-official__RTP_2050,10-SOUTH JORDAN STATION,drive,4317.45,4317.52,-0.07,43880.24,43880.87,-0.63,0.09839166786690319,0.09839185048063086,0.11111111111111112
v910-official__RTP_2050,11-DRAPER STATION,drive,2611.21,2611.25,-0.04,43880.24,43880.87,-0.63,0.05950765082415229,0.05950770802857828,0.06349206349206349
v910-official__RTP_2050,12-LEHI STATION,drive,8285.4,8285.28,0.12,43880.24,43880.87,-0.63,0.18881847501289875,0.18881302945907863,-0.19047619047619047
v910-official__RTP_2050,13-AMERICAN FORK STATION,drive,4365.47,4365.38,0.09,43880.24,43880.87,-0.63,0.09948601010386453,0.09948253077024224,-0.14285714285714285
v910-official__RTP_2050,14-OREM CENTRAL STATION,drive,1381.58,1381.59,-0.01,43880.24,43880.87,-0.63,0.031485242560204775,0.031485018414630334,0.015873015873015872
v910-official__RTP_2050,15-PROVO CENTRAL STATION,drive,970.59,970.61,-0.02,43880.24,43880.87,-0.63,0.02211906771704075,0.022119205931878744,0.031746031746031744
v910-official__RTP_2050,01-OGDEN STATION,walk,2050.26,401.9,1648.36,31307.53,11815.88,19491.65,0.0654877596539874,0.03401354786947735,0.08456749428601477
v910-official__RTP_2050,02-ROY STATION,walk,1458.53,720.01,738.52,31307.53,11815.88,19491.65,0.04658719483779142,0.06093579149415871,0.037889044796105
v910-official__RTP_2050,03-CLEARFIELD STATION,walk,2595.1,1196.19,1398.91,31307.53,11815.88,19491.65,0.08289060171786149,0.10123579454090598,0.07176970651535401
v910-official__RTP_2050,04-LAYTON STATION,walk,1785.08,575.78,1209.3,31307.53,11815.88,19491.65,0.057017592892189196,0.04872933712935473,0.062041951297093875
v910-official__RTP_2050,05-FARMINGTON STATION,walk,1426.37,1027.69,398.68,31307.53,11815.88,19491.65,0.04555996592513047,0.08697532473247868,0.02045388666428958
v910-official__RTP_2050,06-WOODS CROSS STATION,walk,1680.74,1060.1,620.64,31307.53,11815.88,19491.65,0.053684848341597056,0.08971824358405807,0.03184132692717138
v910-official__RTP_2050,07-NORTH TEMPLE STATION,walk,1237.57,553.45,684.12,31307.53,11815.88,19491.65,0.03952946783090202,0.046839507510232,0.03509810611210441
v910-official__RTP_2050,08-SALT LAKE CENTRAL STATION,walk,2040.36,213.5,1826.86,31307.53,11815.88,19491.65,0.0651715417984108,0.018068903881894537,0.09372526184289169
v910-official__RTP_2050,09-MURRAY CENTRAL STATION,walk,4347.05,656.35,3690.7,31307.53,11815.88,19491.65,0.13884998273578275,0.05554812675822707,0.18934774634266466
v910-official__RTP_2050,10-SOUTH JORDAN STATION,walk,1639.62,830.03,809.59,31307.53,11815.88,19491.65,0.05237142629904052,0.07024698964444459,0.041535221492280026
v910-official__RTP_2050,11-DRAPER STATION,walk,1274.66,691.49,583.17,31307.53,11815.88,19491.65,0.04071416684740061,0.05852209061026348,0.02991896530052612
v910-official__RTP_2050,12-LEHI STATION,walk,2806.65,848.22,1958.43,31307.53,11815.88,19491.65,0.08964776205596546,0.07178644332880836,0.10047533174461884
v910-official__RTP_2050,13-AMERICAN FORK STATION,walk,650.22,586.1,64.12,31307.53,11815.88,19491.65,0.020768805459900543,0.04960273801020322,0.0032896137576859837
v910-official__RTP_2050,14-OREM CENTRAL STATION,walk,1483.27,643.5,839.77,31307.53,11815.88,19491.65,0.047377420064757585,0.054460607250581425,0.04308357681366123
v910-official__RTP_2050,15-PROVO CENTRAL STATION,walk,4832.05,1811.57,3020.48,31307.53,11815.88,19491.65,0.15434146353928274,0.15331655365491187,0.15496276610753834
E2.14.4__BY_2019,01-OGDEN STATION,drive,876.59,876.42,0.17,13413.52,13412.59,0.93,0.06535122771651289,0.06534308437072929,0.1827956989247312
E2.14.4__BY_2019,02-ROY STATION,drive,903.07,902.93,0.14,13413.52,13412.59,0.93,0.06732535531314673,0.06731958555357317,0.15053763440860216
E2.14.4__BY_2019,03-CLEARFIELD STATION,drive,908.98,908.98,-0.0,13413.52,13412.59,0.93,0.06776595554336222,0.06777065428824709,-0.0
E2.14.4__BY_2019,04-LAYTON STATION,drive,1206.8,1206.83,-0.03,13413.52,13412.59,0.93,0.08996892687378108,0.0899774018291769,-0.03225806451612903
E2.14.4__BY_2019,05-FARMINGTON STATION,drive,528.77,528.74,0.03,13413.52,13412.59,0.93,0.039420674066166075,0.03942117070603068,0.03225806451612903
E2.14.4__BY_2019,06-WOODS CROSS STATION,drive,1326.81,1326.75,0.06,13413.52,13412.59,0.93,0.09891586995807215,0.09891825516175475,0.06451612903225806
E2.14.4__BY_2019,07-NORTH TEMPLE STATION,drive,79.27,79.27,0.0,13413.52,13412.59,0.93,0.005909709010013776,0.005910118776463009,0.0
E2.14.4__BY_2019,08-SALT LAKE CENTRAL STATION,drive,151.18,151.0,0.18,13413.52,13412.59,0.93,0.01127071790253416,0.01125807916293572,0.1935483870967742
E2.14.4__BY_2019,09-MURRAY CENTRAL STATION,drive,899.18,899.07,0.11,13413.52,13412.59,0.93,0.06703534940865634,0.06703179624516965,0.11827956989247311
E2.14.4__BY_2019,10-SOUTH JORDAN STATION,drive,1444.87,1444.77,0.1,13413.52,13412.59,0.93,0.10771743733188603,0.10771745054460026,0.10752688172043011
E2.14.4__BY_2019,11-DRAPER STATION,drive,1329.52,1329.63,-0.11,13413.52,13412.59,0.93,0.09911790491981225,0.09913297879082265,-0.11827956989247311
E2.14.4__BY_2019,12-LEHI STATION,drive,989.35,989.19,0.16,13413.52,13412.59,0.93,0.07375767136441441,0.07375085647141977,0.17204301075268816
E2.14.4__BY_2019,13-AMERICAN FORK STATION,drive,1481.79,1481.73,0.06,13413.52,13412.59,0.93,0.11046988411692084,0.11047307045097181,0.06451612903225806
E2.14.4__BY_2019,14-OREM CENTRAL STATION,drive,538.09,538.1,-0.01,13413.52,13412.59,0.93,0.04011549541060065,0.040119022500501395,-0.01075268817204301
E2.14.4__BY_2019,15-PROVO CENTRAL STATION,drive,749.25,749.18,0.07,13413.52,13412.59,0.93,0.05585782106412038,0.05585647514760385,0.07526881720430108
E2.14.4__BY_2019,01-OGDEN STATION,walk,685.6,53.16,632.44,6442.8099999999995,2704.47,3738.34,0.10641319548457895,0.019656346714883137,0.16917669339867428
E2.14.4__BY_2019,02-ROY STATION,walk,389.57,351.45,38.12,6442.8099999999995,2704.47,3738.34,0.060465852632624585,0.12995152469799998,0.010197039327616
E2.14.4__BY_2019,03-CLEARFIELD STATION,walk,630.94,500.92,130.02,6442.8099999999995,2704.47,3738.34,0.09792931966021039,0.18521928510946695,0.034780143058148805
E2.14.4__BY_2019,04-LAYTON STATION,walk,361.84,140.07,221.77,6442.8099999999995,2704.47,3738.34,0.05616183000895572,0.05179203318949739,0.05932312202742394
E2.14.4__BY_2019,05-FARMINGTON STATION,walk,185.82,131.12,54.7,6442.8099999999995,2704.47,3738.34,0.02884145272016403,0.048482697164324254,0.014632162938630516
E2.14.4__BY_2019,06-WOODS CROSS STATION,walk,455.48,330.15,125.33,6442.8099999999995,2704.47,3738.34,0.07069586096749711,0.12207567471630301,0.03352557552282564
E2.14.4__BY_2019,07-NORTH TEMPLE STATION,walk,236.04,176.65,59.39,6442.8099999999995,2704.47,3738.34,0.0366361882470537,0.0653177886979704,0.01588673047395368
E2.14.4__BY_2019,08-SALT LAKE CENTRAL STATION,walk,639.51,10.46,629.05,6442.8099999999995,2704.47,3738.34,0.09925948460376761,0.0038676709299788874,0.1682698737942509
E2.14.4__BY_2019,09-MURRAY CENTRAL STATION,walk,741.97,128.64,613.33,6442.8099999999995,2704.47,3738.34,0.11516248345054411,0.04756569679086845,0.16406479881444705
E2.14.4__BY_2019,10-SOUTH JORDAN STATION,walk,314.03,249.01,65.02,6442.8099999999995,2704.47,3738.34,0.04874115486876068,0.0920734931428339,0.017392746513158246
E2.14.4__BY_2019,11-DRAPER STATION,walk,173.01,142.78,30.23,6442.8099999999995,2704.47,3738.34,0.02685318983487019,0.05279407795242691,0.008086476885462532
E2.14.4__BY_2019,12-LEHI STATION,walk,291.34,175.42,115.92,6442.8099999999995,2704.47,3738.34,0.04521939960979759,0.06486298609339353,0.031008415499927774
E2.14.4__BY_2019,13-AMERICAN FORK STATION,walk,70.24,70.25,-0.01,6442.8099999999995,2704.47,3738.34,0.010902075336693151,0.02597551461099587,-2.6749840838447013e-06
E2.14.4__BY_2019,14-OREM CENTRAL STATION,walk,199.89,110.08,89.81,6442.8099999999995,2704.47,3738.34,0.03102528244663431,0.0407029843185541,0.02402403205700926
E2.14.4__BY_2019,15-PROVO CENTRAL STATION,walk,1067.53,134.31,933.22,6442.8099999999995,2704.47,3738.34,0.16569323012784795,0.049662225870503285,0.2496348646725552
E2.16.2__BY_2019,01-OGDEN STATION,drive,1411.04,1411.0,0.04,13445.92,13446.15,-0.23,0.10494187084260503,0.10493710095454833,-0.17391304347826086
E2.16.2__BY_2019,02-ROY STATION,drive,1067.14,1067.18,-0.04,13445.92,13446.15,-0.23,0.07936533907683521,0.07936695634066257,0.17391304347826086
E2.16.2__BY_2019,03-CLEARFIELD STATION,drive,904.8,904.85,-0.05,13445.92,13446.15,-0.23,0.06729178814093792,0.06729435563339692,0.21739130434782608
E2.16.2__BY_2019,04-LAYTON STATION,drive,1701.85,1701.8,0.05,13445.92,13446.15,-0.23,0.12656999297928292,0.12656410942909307,-0.21739130434782608
E2.16.2__BY_2019,05-FARMINGTON STATION,drive,471.75,471.8,-0.05,13445.92,13446.15,-0.23,0.03508499232480931,0.0350881107231438,0.21739130434782608
E2.16.2__BY_2019,06-WOODS CROSS STATION,drive,601.73,601.68,0.05,13445.92,13446.15,-0.23,0.044751865249830436,0.0447473812206468,-0.21739130434782608
E2.16.2__BY_2019,07-NORTH TEMPLE STATION,drive,87.21,87.12,0.09,13445.92,13446.15,-0.23,0.006485982364910693,0.006479178054684799,-0.3913043478260869
E2.16.2__BY_2019,08-SALT LAKE CENTRAL STATION,drive,169.59,169.67,-0.08,13445.92,13446.15,-0.23,0.012612747956257364,0.012618481870275134,0.34782608695652173
E2.16.2__BY_2019,09-MURRAY CENTRAL STATION,drive,797.78,797.83,-0.05,13445.92,13446.15,-0.23,0.05933249640039506,0.059335200038672785,0.21739130434782608
E2.16.2__BY_2019,10-SOUTH JORDAN STATION,drive,1360.94,1361.03,-0.09,13445.92,13446.15,-0.23,0.10121583350190988,0.10122079554370582,0.3913043478260869
E2.16.2__BY_2019,11-DRAPER STATION,drive,1386.57,1386.61,-0.04,13445.92,13446.15,-0.23,0.10312198793388626,0.10312319883386693,0.17391304347826086
E2.16.2__BY_2019,12-LEHI STATION,drive,857.97,857.98,-0.01,13445.92,13446.15,-0.23,0.06380894724942585,0.06380859948758567,0.043478260869565216
E2.16.2__BY_2019,13-AMERICAN FORK STATION,drive,1363.1,1363.09,0.01,13445.92,13446.15,-0.23,0.10137647702797577,0.10137399924885562,-0.043478260869565216
E2.16.2__BY_2019,14-OREM CENTRAL STATION,drive,899.71,899.69,0.02,13445.92,13446.15,-0.23,0.06691323464664374,0.06691060266321587,-0.08695652173913043
E2.16.2__BY_2019,15-PROVO CENTRAL STATION,drive,364.74,364.82,-0.08,13445.92,13446.15,-0.23,0.027126444304294537,0.027131929957645868,0.34782608695652173
E2.16.2__BY_2019,01-OGDEN STATION,walk,551.6,49.4,502.2,6171.95,2654.23,3517.7200000000003,0.08937207851651424,0.018611800785915313,0.14276292598615012
E2.16.2__BY_2019,02-ROY STATION,walk,369.92,334.63,35.29,6171.95,2654.23,3517.7200000000003,0.05993567673101694,0.12607422868402512,0.010032066224713735
E2.16.2__BY_2019,03-CLEARFIELD STATION,walk,619.3,494.8,124.5,6171.95,2654.23,3517.7200000000003,0.10034105914662303,0.1864194135398967,0.03539224270265968
E2.16.2__BY_2019,04-LAYTON STATION,walk,341.49,131.64,209.85,6171.95,2654.23,3517.7200000000003,0.055329352959761505,0.04959630476635408,0.05965511751930227
E2.16.2__BY_2019,05-FARMINGTON STATION,walk,190.82,131.38,59.44,6171.95,2654.23,3517.7200000000003,0.03091729518223576,0.04949834792011242,0.016897308483904347
E2.16.2__BY_2019,06-WOODS CROSS STATION,walk,486.79,332.1,154.69,6171.95,2654.23,3517.7200000000003,0.07887134536086651,0.1251210332186736,0.04397450621425241
E2.16.2__BY_2019,07-NORTH TEMPLE STATION,walk,233.21,176.53,56.68,6171.95,2654.23,3517.7200000000003,0.03778546488549,0.06650893102707753,0.016112709368568276
E2.16.2__BY_2019,08-SALT LAKE CENTRAL STATION,walk,627.45,10.76,616.69,6171.95,2654.23,3517.7200000000003,0.10166154942927277,0.004053906406000987,0.1753095755205076
E2.16.2__BY_2019,09-MURRAY CENTRAL STATION,walk,724.64,128.26,596.38,6171.95,2654.23,3517.7200000000003,0.11740859857905524,0.048322865765212504,0.16953594942178454
E2.16.2__BY_2019,10-SOUTH JORDAN STATION,walk,310.42,247.21,63.21,6171.95,2654.23,3517.7200000000003,0.050295287550936096,0.09313812292077175,0.017969025391446732
E2.16.2__BY_2019,11-DRAPER STATION,walk,173.03,143.61,29.42,6171.95,2654.23,3517.7200000000003,0.02803489982906537,0.05410608726447972,0.008363371729415644
E2.16.2__BY_2019,12-LEHI STATION,walk,283.23,172.45,110.78,6171.95,2654.23,3517.7200000000003,0.045889872730660496,0.06497176205528533,0.0314919891293224
E2.16.2__BY_2019,13-AMERICAN FORK STATION,walk,66.95,66.96,-0.01,6171.95,2654.23,3517.7200000000003,0.010847463119435512,0.025227655478236622,-2.8427504178843114e-06
E2.16.2__BY_2019,14-OREM CENTRAL STATION,walk,180.03,101.63,78.4,6171.95,2654.23,3517.7200000000003,0.029169063262016057,0.038289824167461,0.022287163276213003
E2.16.2__BY_2019,15-PROVO CENTRAL STATION,walk,1013.07,132.87,880.2,6171.95,2654.23,3517.7200000000003,0.16414099271705054,0.05005971600049732,0.2502188917821771
E2.16.3__BY_2019,01-OGDEN STATION,drive,1324.1,1324.1,0.0,13450.78,13450.9,-0.12,0.09844038784367894,0.09843950962389134,-0.0
E2.16.3__BY_2019,02-ROY STATION,drive,1100.5,1100.55,-0.05,13450.78,13450.9,-0.12,0.0818168165712323,0.08181980387929431,0.4166666666666667
E2.16.3__BY_2019,03-CLEARFIELD STATION,drive,938.61,938.58,0.03,13450.78,13450.9,-0.12,0.06978108332750962,0.06977823045298084,-0.25
E2.16.3__BY_2019,04-LAYTON STATION,drive,1781.27,1781.31,-0.04,13450.78,13450.9,-0.12,0.13242875134378823,0.13243054368109197,0.33333333333333337
E2.16.3__BY_2019,05-FARMINGTON STATION,drive,522.25,522.24,0.01,13450.78,13450.9,-0.12,0.0388267446200146,0.038825654788898885,-0.08333333333333334
E2.16.3__BY_2019,06-WOODS CROSS STATION,drive,644.64,644.6,0.04,13450.78,13450.9,-0.12,0.047925845192620796,0.047922443851340805,-0.33333333333333337
E2.16.3__BY_2019,07-NORTH TEMPLE STATION,drive,87.07,87.03,0.04,13450.78,13450.9,-0.12,0.006473230548711672,0.006470199020139917,-0.33333333333333337
E2.16.3__BY_2019,08-SALT LAKE CENTRAL STATION,drive,132.74,132.76,-0.02,13450.78,13450.9,-0.12,0.009868572677569628,0.009869971526068886,0.16666666666666669
E2.16.3__BY_2019,09-MURRAY CENTRAL STATION,drive,683.95,684.01,-0.06,13450.78,13450.9,-0.12,0.050848352288863544,0.05085235932168108,0.5
E2.16.3__BY_2019,10-SOUTH JORDAN STATION,drive,1330.11,1330.18,-0.07,13450.78,13450.9,-0.12,0.09888720208047413,0.09889152398724249,0.5833333333333334
E2.16.3__BY_2019,11-DRAPER STATION,drive,1267.37,1267.33,0.04,13450.78,13450.9,-0.12,0.09422278856690837,0.09421897419503528,-0.33333333333333337
E2.16.3__BY_2019,12-LEHI STATION,drive,897.33,897.33,0.0,13450.78,13450.9,-0.12,0.06671211632336563,0.06671152116215272,-0.0
E2.16.3__BY_2019,13-AMERICAN FORK STATION,drive,1432.43,1432.51,-0.08,13450.78,13450.9,-0.12,0.10649419587562951,0.10649919336252593,0.6666666666666667
E2.16.3__BY_2019,14-OREM CENTRAL STATION,drive,939.97,939.97,-0.0,13450.78,13450.9,-0.12,0.06988219270555314,0.0698815692630233,0.0
E2.16.3__BY_2019,15-PROVO CENTRAL STATION,drive,368.44,368.4,0.04,13450.78,13450.9,-0.12,0.027391720034079806,0.027388501884632255,-0.33333333333333337
E2.16.3__BY_2019,01-OGDEN STATION,walk,542.99,49.19,493.8,6181.82,2661.55,3520.27,0.08783659181276712,0.01848171178448648,0.14027333130697361
E2.16.3__BY_2019,02-ROY STATION,walk,369.88,334.98,34.9,6181.82,2661.55,3520.27,0.059833511813672996,0.12585899194078637,0.009914012277467353
E2.16.3__BY_2019,03-CLEARFIELD STATION,walk,621.74,496.92,124.82,6181.82,2661.55,3520.27,0.10057555865424746,0.18670323683567844,0.035457507520729944
E2.16.3__BY_2019,04-LAYTON STATION,walk,342.02,131.78,210.24,6181.82,2661.55,3520.27,0.055326748433309286,0.04951250211343014,0.059722691725350614
E2.16.3__BY_2019,05-FARMINGTON STATION,walk,191.2,131.69,59.51,6181.82,2661.55,3520.27,0.030929402667822743,0.04947868723112472,0.016904953313240177
E2.16.3__BY_2019,06-WOODS CROSS STATION,walk,490.81,334.13,156.68,6181.82,2661.55,3520.27,0.07939571194243766,0.12553962916345737,0.044507949674314755
E2.16.3__BY_2019,07-NORTH TEMPLE STATION,walk,233.91,177.2,56.71,6181.82,2661.55,3520.27,0.03783837122400847,0.06657774605023388,0.016109559778085203
E2.16.3__BY_2019,08-SALT LAKE CENTRAL STATION,walk,629.04,10.81,618.23,6181.82,2661.55,3520.27,0.1017564406598704,0.00406154308579587,0.17562005187102125
E2.16.3__BY_2019,09-MURRAY CENTRAL STATION,walk,735.88,128.71,607.17,6181.82,2661.55,3520.27,0.1190393767531245,0.048359038905900695,0.17247824740715909
E2.16.3__BY_2019,10-SOUTH JORDAN STATION,walk,310.13,247.94,62.19,6181.82,2661.55,3520.27,0.05016807347997839,0.09315624354229678,0.017666258554031367
E2.16.3__BY_2019,11-DRAPER STATION,walk,172.56,143.96,28.6,6181.82,2661.55,3520.27,0.027914109437026637,0.054088782852097464,0.008124376823368662
E2.16.3__BY_2019,12-LEHI STATION,walk,283.54,172.97,110.57,6181.82,2661.55,3520.27,0.04586675121566141,0.06498844658187898,0.031409522565030525
E2.16.3__BY_2019,13-AMERICAN FORK STATION,walk,66.95,66.95,-0.0,6181.82,2661.55,3520.27,0.010830143873487097,0.02515451522609006,-0.0
E2.16.3__BY_2019,14-OREM CENTRAL STATION,walk,179.11,101.32,77.79,6181.82,2661.55,3520.27,0.028973667948921197,0.038068043057616796,0.022097736821323367
E2.16.3__BY_2019,15-PROVO CENTRAL STATION,walk,1012.06,133.0,879.06,6181.82,2661.55,3520.27,0.16371554008366468,0.049970881629125885,0.24971380036190405
E2.17.3__BY_2019,01-OGDEN STATION,drive,1179.34,1179.21,0.13,13460.96,13460.72,0.24000000000000005,0.08761187909331876,0.08760378345289109,0.5416666666666666
E2.17.3__BY_2019,02-ROY STATION,drive,922.87,922.88,-0.01,13460.96,13460.72,0.24000000000000005,0.068559003221167,0.06856096850688523,-0.04166666666666666
E2.17.3__BY_2019,03-CLEARFIELD STATION,drive,756.63,756.58,0.05,13460.96,13460.72,0.24000000000000005,0.0562092153902842,0.056206503069672356,0.20833333333333331
E2.17.3__BY_2019,04-LAYTON STATION,drive,1572.06,1572.02,0.04,13460.96,13460.72,0.24000000000000005,0.11678661848783445,0.11678572914376052,0.16666666666666663
E2.17.3__BY_2019,05-FARMINGTON STATION,drive,467.2,467.16,0.04,13460.96,13460.72,0.24000000000000005,0.03470777715705269,0.03470542437551632,0.16666666666666663
E2.17.3__BY_2019,06-WOODS CROSS STATION,drive,551.11,551.09,0.02,13460.96,13460.72,0.24000000000000005,0.040941359308697155,0.040940603474405535,0.08333333333333331
E2.17.3__BY_2019,07-NORTH TEMPLE STATION,drive,71.92,71.92,-0.0,13460.96,13460.72,0.24000000000000005,0.005342858161676433,0.00534295342299669,-0.0
E2.17.3__BY_2019,08-SALT LAKE CENTRAL STATION,drive,113.37,113.23,0.14,13460.96,13460.72,0.24000000000000005,0.008422133339672655,0.00841188287104999,0.5833333333333333
E2.17.3__BY_2019,09-MURRAY CENTRAL STATION,drive,592.51,592.58,-0.07,13460.96,13460.72,0.24000000000000005,0.044016920041364066,0.04402290516406255,-0.29166666666666663
E2.17.3__BY_2019,10-SOUTH JORDAN STATION,drive,1180.01,1179.94,0.07,13460.96,13460.72,0.24000000000000005,0.08766165266073149,0.08765801532161728,0.29166666666666663
E2.17.3__BY_2019,11-DRAPER STATION,drive,1154.62,1154.63,-0.01,13460.96,13460.72,0.24000000000000005,0.08577545732250894,0.08577772957167226,-0.04166666666666666
E2.17.3__BY_2019,12-LEHI STATION,drive,1267.85,1267.83,0.02,13460.96,13460.72,0.24000000000000005,0.09418719021525954,0.09418738373578828,0.08333333333333331
E2.17.3__BY_2019,13-AMERICAN FORK STATION,drive,1930.09,1930.27,-0.18,13460.96,13460.72,0.24000000000000005,0.14338427571287635,0.14340020444671608,-0.7499999999999998
E2.17.3__BY_2019,14-OREM CENTRAL STATION,drive,1200.99,1200.99,0.0,13460.96,13460.72,0.24000000000000005,0.08922023392090907,0.08922182468694097,0.0
E2.17.3__BY_2019,15-PROVO CENTRAL STATION,drive,500.39,500.39,0.0,13460.96,13460.72,0.24000000000000005,0.03717342596664725,0.03717408875602494,0.0
E2.17.3__BY_2019,01-OGDEN STATION,walk,565.1,49.99,515.11,6145.54,2648.54,3497.0,0.09195286337734357,0.018874549751938804,0.14730054332284817
E2.17.3__BY_2019,02-ROY STATION,walk,376.93,339.23,37.7,6145.54,2648.54,3497.0,0.06133391044562398,0.12808188662432887,0.010780669144981414
E2.17.3__BY_2019,03-CLEARFIELD STATION,walk,633.29,501.61,131.68,6145.54,2648.54,3497.0,0.1030487150030754,0.1893911362486502,0.037655132971118103
E2.17.3__BY_2019,04-LAYTON STATION,walk,345.09,132.87,212.22,6145.54,2648.54,3497.0,0.056152917400261,0.05016726196319482,0.0606863025450386
E2.17.3__BY_2019,05-FARMINGTON STATION,walk,191.98,131.91,60.07,6145.54,2648.54,3497.0,0.03123891472515027,0.04980479811518799,0.01717758078352874
E2.17.3__BY_2019,06-WOODS CROSS STATION,walk,491.28,332.88,158.4,6145.54,2648.54,3497.0,0.07994090023008556,0.12568433929636705,0.0452959679725479
E2.17.3__BY_2019,07-NORTH TEMPLE STATION,walk,235.03,177.6,57.43,6145.54,2648.54,3497.0,0.03824399483202452,0.06705581188126289,0.016422647983986273
E2.17.3__BY_2019,08-SALT LAKE CENTRAL STATION,walk,631.47,10.8,620.67,6145.54,2648.54,3497.0,0.1027525652749799,0.004077718290076797,0.1774864169287961
E2.17.3__BY_2019,09-MURRAY CENTRAL STATION,walk,735.72,128.55,607.17,6145.54,2648.54,3497.0,0.1197160867881423,0.0485361746471641,0.17362596511295394
E2.17.3__BY_2019,10-SOUTH JORDAN STATION,walk,310.53,247.41,63.12,6145.54,2648.54,3497.0,0.05052932695906299,0.09341372982850929,0.0180497569345153
E2.17.3__BY_2019,11-DRAPER STATION,walk,172.93,143.78,29.15,6145.54,2648.54,3497.0,0.028139105757996857,0.054286512569189066,0.008335716328281383
E2.17.3__BY_2019,12-LEHI STATION,walk,262.59,165.42,97.17,6145.54,2648.54,3497.0,0.042728547857470614,0.06245705180967627,0.027786674292250502
E2.17.3__BY_2019,13-AMERICAN FORK STATION,walk,62.63,62.64,-0.01,6145.54,2648.54,3497.0,0.010191130478363172,0.023650766082445422,-2.859593937660852e-06
E2.17.3__BY_2019,14-OREM CENTRAL STATION,walk,166.56,95.56,71.0,6145.54,2648.54,3497.0,0.027102581709662617,0.03608025553701285,0.02030311695739205
E2.17.3__BY_2019,15-PROVO CENTRAL STATION,walk,964.41,128.29,836.12,6145.54,2648.54,3497.0,0.15692843916075722,0.04843800735499558,0.23909636831569916
E2.18.2__BY_2019,01-OGDEN STATION,drive,989.67,989.6,0.07,13491.23,13490.86,0.37,0.0733565434730562,0.07335336664971692,0.1891891891891892
E2.18.2__BY_2019,02-ROY STATION,drive,794.21,794.17,0.04,13491.23,13490.86,0.37,0.05886861316573804,0.0588672627245409,0.10810810810810811
E2.18.2__BY_2019,03-CLEARFIELD STATION,drive,643.97,644.0,-0.03,13491.23,13490.86,0.37,0.04773248992123032,0.04773602275911246,-0.08108108108108109
E2.18.2__BY_2019,04-LAYTON STATION,drive,1399.92,1399.98,-0.06,13491.23,13490.86,0.37,0.10376518671759359,0.10377248003463085,-0.16216216216216217
E2.18.2__BY_2019,05-FARMINGTON STATION,drive,416.14,416.16,-0.02,13491.23,13490.86,0.37,0.030845223156079914,0.030847551601602862,-0.05405405405405406
E2.18.2__BY_2019,06-WOODS CROSS STATION,drive,466.22,466.25,-0.03,13491.23,13490.86,0.37,0.03455726423758249,0.034560435732043766,-0.08108108108108109
E2.18.2__BY_2019,07-NORTH TEMPLE STATION,drive,64.22,64.19,0.03,13491.23,13490.86,0.37,0.004760129358108935,0.004758036181533275,0.08108108108108109
E2.18.2__BY_2019,08-SALT LAKE CENTRAL STATION,drive,105.24,105.16,0.08,13491.23,13490.86,0.37,0.00780062307143233,0.0077949070704165626,0.21621621621621623
E2.18.2__BY_2019,09-MURRAY CENTRAL STATION,drive,542.86,542.71,0.15,13491.23,13490.86,0.37,0.04023799164346024,0.040227976570804236,0.4054054054054054
E2.18.2__BY_2019,10-SOUTH JORDAN STATION,drive,1090.76,1090.7,0.06,13491.23,13490.86,0.37,0.08084955930630491,0.08084732922882604,0.16216216216216217
E2.18.2__BY_2019,11-DRAPER STATION,drive,1051.43,1051.46,-0.03,13491.23,13490.86,0.37,0.07793433215503702,0.07793869330791366,-0.08108108108108109
E2.18.2__BY_2019,12-LEHI STATION,drive,1196.79,1196.77,0.02,13491.23,13490.86,0.37,0.08870873893633123,0.08870968937488047,0.05405405405405406
E2.18.2__BY_2019,13-AMERICAN FORK STATION,drive,1853.98,1853.98,0.0,13491.23,13490.86,0.37,0.13742112468618503,0.13742489359462629,0.0
E2.18.2__BY_2019,14-OREM CENTRAL STATION,drive,1019.34,1019.28,0.06,13491.23,13490.86,0.37,0.07555574992050391,0.07555337465513688,0.16216216216216217
E2.18.2__BY_2019,15-PROVO CENTRAL STATION,drive,1856.48,1856.45,0.03,13491.23,13490.86,0.37,0.13760643025135588,0.1376079805142148,0.08108108108108109
E2.18.2__BY_2019,01-OGDEN STATION,walk,581.44,50.38,531.06,6107.88,2618.76,3489.12,0.09519505949691219,0.01923811269455773,0.15220456734076213
E2.18.2__BY_2019,02-ROY STATION,walk,371.73,333.31,38.42,6107.88,2618.76,3489.12,0.06086072417925696,0.12727779559791655,0.011011372495070391
E2.18.2__BY_2019,03-CLEARFIELD STATION,walk,630.45,497.72,132.73,6107.88,2618.76,3489.12,0.10321912021847188,0.19005941743420549,0.03804111065254276
E2.18.2__BY_2019,04-LAYTON STATION,walk,340.22,130.83,209.39,6107.88,2618.76,3489.12,0.05570181470493854,0.04995875910736379,0.060012266703352135
E2.18.2__BY_2019,05-FARMINGTON STATION,walk,190.67,131.06,59.61,6107.88,2618.76,3489.12,0.03121705076065672,0.05004658693427423,0.017084537075251066
E2.18.2__BY_2019,06-WOODS CROSS STATION,walk,483.84,325.92,157.92,6107.88,2618.76,3489.12,0.07921570168372659,0.12445584933327224,0.04526069610675471
E2.18.2__BY_2019,07-NORTH TEMPLE STATION,walk,234.81,177.36,57.45,6107.88,2618.76,3489.12,0.038443780820841274,0.06772671035146405,0.01646546980327418
E2.18.2__BY_2019,08-SALT LAKE CENTRAL STATION,walk,624.93,10.78,614.15,6107.88,2618.76,3489.12,0.10231536965362777,0.004116452061280911,0.1760185949465768
E2.18.2__BY_2019,09-MURRAY CENTRAL STATION,walk,712.9,126.66,586.24,6107.88,2618.76,3489.12,0.1167180756661886,0.048366402419465694,0.16801944329802357
E2.18.2__BY_2019,10-SOUTH JORDAN STATION,walk,303.09,240.71,62.38,6107.88,2618.76,3489.12,0.04962278237293463,0.09191754876353693,0.017878433530517726
E2.18.2__BY_2019,11-DRAPER STATION,walk,170.94,141.69,29.25,6107.88,2618.76,3489.12,0.027986797383052712,0.054105759978004854,0.008383202641353693
E2.18.2__BY_2019,12-LEHI STATION,walk,268.43,167.51,100.92,6107.88,2618.76,3489.12,0.04394814567411279,0.06396538819899493,0.028924198651809053
E2.18.2__BY_2019,13-AMERICAN FORK STATION,walk,63.15,63.16,-0.01,6107.88,2618.76,3489.12,0.010339102929330634,0.024118284989842517,-2.866052185078186e-06
E2.18.2__BY_2019,14-OREM CENTRAL STATION,walk,176.03,98.6,77.43,6107.88,2618.76,3489.12,0.028820147088678888,0.03765140753639126,0.022191842069060396
E2.18.2__BY_2019,15-PROVO CENTRAL STATION,walk,955.25,123.07,832.18,6107.88,2618.76,3489.12,0.15639632736726983,0.04699552459942873,0.23850713073783647
E2.18.2__RTP_2050,01-OGDEN STATION,drive,3787.2,3787.17,0.03,48207.89,48208.32,-0.43000000000000005,0.07855975443023953,0.07855843140769063,-0.0697674418604651
E2.18.2__RTP_2050,02-ROY STATION,drive,5685.81,5685.78,0.03,48207.89,48208.32,-0.43000000000000005,0.11794355654230045,0.11794188223111694,-0.0697674418604651
E2.18.2__RTP_2050,03-CLEARFIELD STATION,drive,2312.46,2312.45,0.01,48207.89,48208.32,-0.43000000000000005,0.047968496443217074,0.04796786114927879,-0.02325581395348837
E2.18.2__RTP_2050,04-LAYTON STATION,drive,4218.83,4218.83,0.0,48207.89,48208.32,-0.43000000000000005,0.08751326805632854,0.08751248747104234,-0.0
E2.18.2__RTP_2050,05-FARMINGTON STATION,drive,2393.55,2393.53,0.02,48207.89,48208.32,-0.43000000000000005,0.04965058624221056,0.04964972851159302,-0.04651162790697674
E2.18.2__RTP_2050,06-WOODS CROSS STATION,drive,2548.76,2548.79,-0.03,48207.89,48208.32,-0.43000000000000005,0.05287018369814568,0.05287033441530425,0.0697674418604651
E2.18.2__RTP_2050,07-NORTH TEMPLE STATION,drive,115.66,115.71,-0.05,48207.89,48208.32,-0.43000000000000005,0.0023991923313797805,0.0024002080968596293,0.11627906976744186
E2.18.2__RTP_2050,08-SALT LAKE CENTRAL STATION,drive,297.62,297.7,-0.08,48207.89,48208.32,-0.43000000000000005,0.006173678209106435,0.006175282606819736,0.18604651162790695
E2.18.2__RTP_2050,09-MURRAY CENTRAL STATION,drive,1402.47,1402.62,-0.15,48207.89,48208.32,-0.43000000000000005,0.029092125791027153,0.029094977796363778,0.34883720930232553
E2.18.2__RTP_2050,10-SOUTH JORDAN STATION,drive,3701.56,3701.55,0.01,48207.89,48208.32,-0.43000000000000005,0.07678328174081048,0.07678238942987435,-0.02325581395348837
E2.18.2__RTP_2050,11-DRAPER STATION,drive,2910.39,2910.44,-0.05,48207.89,48208.32,-0.43000000000000005,0.06037165285599515,0.06037215152903067,0.11627906976744186
E2.18.2__RTP_2050,12-LEHI STATION,drive,5872.68,5872.75,-0.07,48207.89,48208.32,-0.43000000000000005,0.12181989296772791,0.121820258411826,0.1627906976744186
E2.18.2__RTP_2050,13-AMERICAN FORK STATION,drive,6677.37,6677.41,-0.04,48207.89,48208.32,-0.43000000000000005,0.1385119738698375,0.1385115681276593,0.09302325581395347
E2.18.2__RTP_2050,14-OREM CENTRAL STATION,drive,2070.34,2070.35,-0.01,48207.89,48208.32,-0.43000000000000005,0.042946082062500564,0.04294590643274854,0.02325581395348837
E2.18.2__RTP_2050,15-PROVO CENTRAL STATION,drive,4213.19,4213.24,-0.05,48207.89,48208.32,-0.43000000000000005,0.08739627475917323,0.087396532382792,0.11627906976744186
E2.18.2__RTP_2050,01-OGDEN STATION,walk,1899.8,384.85,1514.95,30281.010000000002,11398.76,18882.25,0.06273899054225733,0.03376244433605059,0.08023143428352024
E2.18.2__RTP_2050,02-ROY STATION,walk,1408.96,682.52,726.44,30281.010000000002,11398.76,18882.25,0.04652949158565054,0.0598766883415389,0.0384721100504442
E2.18.2__RTP_2050,03-CLEARFIELD STATION,walk,2959.87,1336.56,1623.31,30281.010000000002,11398.76,18882.25,0.09774673962328204,0.1172548593004853,0.08597015715817766
E2.18.2__RTP_2050,04-LAYTON STATION,walk,2003.51,631.25,1372.26,30281.010000000002,11398.76,18882.25,0.06616390932799136,0.05537883067982833,0.07267460180857684
E2.18.2__RTP_2050,05-FARMINGTON STATION,walk,1691.68,1185.52,506.16,30281.010000000002,11398.76,18882.25,0.055866036172505476,0.10400429520403974,0.02680612744773531
E2.18.2__RTP_2050,06-WOODS CROSS STATION,walk,2121.76,1237.67,884.09,30281.010000000002,11398.76,18882.25,0.07006899703807766,0.10857935424554951,0.04682122098796489
E2.18.2__RTP_2050,07-NORTH TEMPLE STATION,walk,1285.97,567.45,718.52,30281.010000000002,11398.76,18882.25,0.04246787012718532,0.04978173064438588,0.03805266851143269
E2.18.2__RTP_2050,08-SALT LAKE CENTRAL STATION,walk,2050.94,218.43,1832.51,30281.010000000002,11398.76,18882.25,0.06773023753170716,0.01916261066993252,0.09704934528459268
E2.18.2__RTP_2050,09-MURRAY CENTRAL STATION,walk,4479.33,660.24,3819.09,30281.010000000002,11398.76,18882.25,0.14792538293801955,0.05792208977116809,0.2022582054575064
E2.18.2__RTP_2050,10-SOUTH JORDAN STATION,walk,1681.09,833.46,847.63,30281.010000000002,11398.76,18882.25,0.05551631203846899,0.0731184795539164,0.044890307034384146
E2.18.2__RTP_2050,11-DRAPER STATION,walk,1239.13,679.58,559.55,30281.010000000002,11398.76,18882.25,0.040921026082023026,0.05961876554993701,0.029633650650743422
E2.18.2__RTP_2050,12-LEHI STATION,walk,2391.82,711.67,1680.15,30281.010000000002,11398.76,18882.25,0.07898745781597113,0.062433984047387606,0.08898039163764912
E2.18.2__RTP_2050,13-AMERICAN FORK STATION,walk,546.27,479.34,66.93,30281.010000000002,11398.76,18882.25,0.018040019140708977,0.04205194249199035,0.003544598763388897
E2.18.2__RTP_2050,14-OREM CENTRAL STATION,walk,1157.17,531.93,625.24,30281.010000000002,11398.76,18882.25,0.03821437924296448,0.04666560222339973,0.03311257927418607
E2.18.2__RTP_2050,15-PROVO CENTRAL STATION,walk,3363.71,1258.29,2105.42,30281.010000000002,11398.76,18882.25,0.11108315079318688,0.11038832294039,0.11150260164969747
E2.18.2__RTP_MedDistAdj_2050,01-OGDEN STATION,drive,3798.56,3798.56,0.0,45010.81,45011.4,-0.59,0.08439217156945188,0.08439106537454956,-0.0
E2.18.2__RTP_MedDistAdj_2050,02-ROY STATION,drive,5702.74,5702.79,-0.05,45010.81,45011.4,-0.59,0.12669712009181794,0.12669657020221545,0.08474576271186442
E2.18.2__RTP_MedDistAdj_2050,03-CLEARFIELD STATION,drive,2318.39,2318.42,-0.03,45010.81,45011.4,-0.59,0.05150740455459477,0.051507395904148726,0.05084745762711865
E2.18.2__RTP_MedDistAdj_2050,04-LAYTON STATION,drive,4231.76,4231.71,0.05,45010.81,45011.4,-0.59,0.0940165262522492,0.09401418307362135,-0.08474576271186442
E2.18.2__RTP_MedDistAdj_2050,05-FARMINGTON STATION,drive,2398.93,2398.94,-0.01,45010.81,45011.4,-0.59,0.05329675249123488,0.053296276054510636,0.01694915254237288
E2.18.2__RTP_MedDistAdj_2050,06-WOODS CROSS STATION,drive,2555.6,2555.6,-0.0,45010.81,45011.4,-0.59,0.05677747190063898,0.056776727673433836,0.0
E2.18.2__RTP_MedDistAdj_2050,07-NORTH TEMPLE STATION,drive,115.61,115.66,-0.05,45010.81,45011.4,-0.59,0.0025684941017502243,0.002569571264168633,0.08474576271186442
E2.18.2__RTP_MedDistAdj_2050,08-SALT LAKE CENTRAL STATION,drive,297.86,297.99,-0.13,45010.81,45011.4,-0.59,0.0066175214354062956,0.006620322851544276,0.22033898305084748
E2.18.2__RTP_MedDistAdj_2050,09-MURRAY CENTRAL STATION,drive,1401.99,1402.11,-0.12,45010.81,45011.4,-0.59,0.031147850927366116,0.031150108639144747,0.2033898305084746
E2.18.2__RTP_MedDistAdj_2050,10-SOUTH JORDAN STATION,drive,3709.53,3709.58,-0.05,45010.81,45011.4,-0.59,0.08241420227718631,0.08241423283879194,0.08474576271186442
E2.18.2__RTP_MedDistAdj_2050,11-DRAPER STATION,drive,2919.24,2919.2,0.04,45010.81,45011.4,-0.59,0.06485642004665101,0.06485468125852561,-0.06779661016949153
E2.18.2__RTP_MedDistAdj_2050,12-LEHI STATION,drive,5905.47,5905.53,-0.06,45010.81,45011.4,-0.59,0.13120114923503934,0.1312007624735067,0.1016949152542373
E2.18.2__RTP_MedDistAdj_2050,13-AMERICAN FORK STATION,drive,6715.4,6715.52,-0.12,45010.81,45011.4,-0.59,0.14919527109154446,0.14919598146247395,0.2033898305084746
E2.18.2__RTP_MedDistAdj_2050,14-OREM CENTRAL STATION,drive,2049.0,2048.94,0.06,45010.81,45011.4,-0.59,0.0455223978417629,0.045520468148069156,-0.1016949152542373
E2.18.2__RTP_MedDistAdj_2050,15-PROVO CENTRAL STATION,drive,890.73,890.85,-0.12,45010.81,45011.4,-0.59,0.019789246183305746,0.019791652781295407,0.2033898305084746
E2.18.2__RTP_MedDistAdj_2050,01-OGDEN STATION,walk,1903.87,385.3,1518.57,31135.699999999997,11809.16,19326.54,0.06114749307065523,0.03262721480613354,0.07857433353305868
E2.18.2__RTP_MedDistAdj_2050,02-ROY STATION,walk,1412.15,683.79,728.36,31135.699999999997,11809.16,19326.54,0.045354689311626215,0.05790335637759163,0.03768703554800808
E2.18.2__RTP_MedDistAdj_2050,03-CLEARFIELD STATION,walk,2966.24,1338.91,1627.33,31135.699999999997,11809.16,19326.54,0.09526813272224488,0.11337893635110373,0.08420182815961884
E2.18.2__RTP_MedDistAdj_2050,04-LAYTON STATION,walk,2007.47,632.46,1375.01,31135.699999999997,11809.16,19326.54,0.06447486325985927,0.05355673053798916,0.07114620620142043
E2.18.2__RTP_MedDistAdj_2050,05-FARMINGTON STATION,walk,1694.39,1187.28,507.11,31135.699999999997,11809.16,19326.54,0.05441952485410639,0.10053890369848491,0.026239047444602086
E2.18.2__RTP_MedDistAdj_2050,06-WOODS CROSS STATION,walk,2124.39,1239.36,885.03,31135.699999999997,11809.16,19326.54,0.06823003818767524,0.1049490395591219,0.045793504683197296
E2.18.2__RTP_MedDistAdj_2050,07-NORTH TEMPLE STATION,walk,1285.83,567.18,718.65,31135.699999999997,11809.16,19326.54,0.04129761013884384,0.04802881830714462,0.03718461762943599
E2.18.2__RTP_MedDistAdj_2050,08-SALT LAKE CENTRAL STATION,walk,2050.37,218.35,1832.02,31135.699999999997,11809.16,19326.54,0.06585270284592927,0.018489884123849623,0.0947929634585394
E2.18.2__RTP_MedDistAdj_2050,09-MURRAY CENTRAL STATION,walk,4484.75,660.52,3824.23,31135.699999999997,11809.16,19326.54,0.14403883644819293,0.05593285212496062,0.19787452901554028
E2.18.2__RTP_MedDistAdj_2050,10-SOUTH JORDAN STATION,walk,1683.66,834.54,849.12,31135.699999999997,11809.16,19326.54,0.05407490437022454,0.07066887060552994,0.04393543800390551
E2.18.2__RTP_MedDistAdj_2050,11-DRAPER STATION,walk,1241.32,680.32,561.0,31135.699999999997,11809.16,19326.54,0.03986806142145512,0.05760951668027193,0.02902744102151756
E2.18.2__RTP_MedDistAdj_2050,12-LEHI STATION,walk,2400.36,713.72,1686.64,31135.699999999997,11809.16,19326.54,0.07709349717526827,0.06043782961700917,0.08727066510611832
E2.18.2__RTP_MedDistAdj_2050,13-AMERICAN FORK STATION,walk,549.03,481.67,67.36,31135.699999999997,11809.16,19326.54,0.017633456129137935,0.040787829108929,0.0034853626153465646
E2.18.2__RTP_MedDistAdj_2050,14-OREM CENTRAL STATION,walk,1163.53,533.46,630.07,31135.699999999997,11809.16,19326.54,0.0373696432069939,0.04517340776143265,0.03260128300254469
E2.18.2__RTP_MedDistAdj_2050,15-PROVO CENTRAL STATION,walk,4168.34,1652.3,2516.04,31135.699999999997,11809.16,19326.54,0.13387654685778705,0.1399168103404476,0.13018574457714624
E2.18.3__BY_2019,01-OGDEN STATION,drive,1045.99,1045.93,0.06,13467.710000000001,13467.61,0.1,0.0776665075205807,0.07766262907821062,0.6
E2.18.3__BY_2019,02-ROY STATION,drive,830.25,830.28,-0.03,13467.710000000001,13467.61,0.1,0.06164745157120252,0.0616501368839757,-0.3
E2.18.3__BY_2019,03-CLEARFIELD STATION,drive,675.24,675.24,0.0,13467.710000000001,13467.61,0.1,0.050137699727719115,0.05013807201129228,0.0
E2.18.3__BY_2019,04-LAYTON STATION,drive,1464.19,1464.15,0.04,13467.710000000001,13467.61,0.1,0.10871855720089013,0.10871639437138439,0.39999999999999997
E2.18.3__BY_2019,05-FARMINGTON STATION,drive,437.31,437.29,0.02,13467.710000000001,13467.61,0.1,0.03247099915278841,0.032469755212691784,0.19999999999999998
E2.18.3__BY_2019,06-WOODS CROSS STATION,drive,503.53,503.56,-0.03,13467.710000000001,13467.61,0.1,0.03738794494386944,0.0373904501244096,-0.3
E2.18.3__BY_2019,07-NORTH TEMPLE STATION,drive,66.44,66.48,-0.04,13467.710000000001,13467.61,0.1,0.0049332811591577186,0.00493628787884413,-0.39999999999999997
E2.18.3__BY_2019,08-SALT LAKE CENTRAL STATION,drive,107.9,107.69,0.21,13467.710000000001,13467.61,0.1,0.008011755524881365,0.007996222046821967,2.0999999999999996
E2.18.3__BY_2019,09-MURRAY CENTRAL STATION,drive,561.46,561.57,-0.11,13467.710000000001,13467.61,0.1,0.041689344365151905,0.04169782166249245,-1.0999999999999999
E2.18.3__BY_2019,10-SOUTH JORDAN STATION,drive,1125.89,1125.86,0.03,13467.710000000001,13467.61,0.1,0.08359921619933901,0.08359760937538285,0.3
E2.18.3__BY_2019,11-DRAPER STATION,drive,1093.64,1093.68,-0.04,13467.710000000001,13467.61,0.1,0.0812045997426437,0.08120817279383648,-0.39999999999999997
E2.18.3__BY_2019,12-LEHI STATION,drive,1238.8,1238.84,-0.04,13467.710000000001,13467.61,0.1,0.09198297260633025,0.09198662568933907,-0.39999999999999997
E2.18.3__BY_2019,13-AMERICAN FORK STATION,drive,1898.99,1899.06,-0.07,13467.710000000001,13467.61,0.1,0.1410031846542582,0.14100942928997795,-0.7000000000000001
E2.18.3__BY_2019,14-OREM CENTRAL STATION,drive,1084.44,1084.39,0.05,13467.710000000001,13467.61,0.1,0.08052148435034612,0.08051836962905817,0.5
E2.18.3__BY_2019,15-PROVO CENTRAL STATION,drive,1333.64,1333.59,0.05,13467.710000000001,13467.61,0.1,0.09902500128084137,0.09902202395228255,0.5
E2.18.3__BY_2019,01-OGDEN STATION,walk,577.76,50.31,527.45,6127.31,2633.46,3493.85,0.09429260148417494,0.01910414435761318,0.1509652675415373
E2.18.3__BY_2019,02-ROY STATION,walk,374.35,335.98,38.37,6127.31,2633.46,3493.85,0.061095325681253275,0.12758120495469838,0.010982154356941482
E2.18.3__BY_2019,03-CLEARFIELD STATION,walk,632.57,499.85,132.72,6127.31,2633.46,3493.85,0.10323779929528619,0.18980732572357278,0.03798674814316585
E2.18.3__BY_2019,04-LAYTON STATION,walk,342.08,131.67,210.41,6127.31,2633.46,3493.85,0.055828740507661595,0.04999886081428994,0.06022296320677763
E2.18.3__BY_2019,05-FARMINGTON STATION,walk,191.19,131.37,59.82,6127.31,2633.46,3493.85,0.031202925916919495,0.0498849422432845,0.017121513516607755
E2.18.3__BY_2019,06-WOODS CROSS STATION,walk,486.75,328.48,158.27,6127.31,2633.46,3493.85,0.07943942774235349,0.12473324067956225,0.045299597864819616
E2.18.3__BY_2019,07-NORTH TEMPLE STATION,walk,235.26,177.77,57.49,6127.31,2633.46,3493.85,0.03839531539941671,0.06750434789212671,0.01645462741674657
E2.18.3__BY_2019,08-SALT LAKE CENTRAL STATION,walk,627.86,10.8,617.06,6127.31,2633.46,3493.85,0.10246910960927388,0.004101068556196031,0.17661319175121998
E2.18.3__BY_2019,09-MURRAY CENTRAL STATION,walk,721.42,127.36,594.06,6127.31,2633.46,3493.85,0.11773845292632491,0.04836223067751171,0.1700301959156804
E2.18.3__BY_2019,10-SOUTH JORDAN STATION,walk,305.83,243.12,62.71,6127.31,2633.46,3493.85,0.04991260438920178,0.09231960994281288,0.017948681254203815
E2.18.3__BY_2019,11-DRAPER STATION,walk,171.7,142.46,29.24,6127.31,2633.46,3493.85,0.028022084732125512,0.054096132084785795,0.008368991227442505
E2.18.3__BY_2019,12-LEHI STATION,walk,268.72,168.14,100.58,6127.31,2633.46,3493.85,0.04385611304144886,0.0638475617628519,0.028787727006024874
E2.18.3__BY_2019,13-AMERICAN FORK STATION,walk,63.49,63.49,-0.0,6127.31,2633.46,3493.85,0.010361806404441754,0.02410896691045241,-0.0
E2.18.3__BY_2019,14-OREM CENTRAL STATION,walk,174.34,98.53,75.81,6127.31,2633.46,3493.85,0.02845294264530438,0.03741465600388842,0.021698126708358974
E2.18.3__BY_2019,15-PROVO CENTRAL STATION,walk,953.99,124.13,829.86,6127.31,2633.46,3493.85,0.15569475022481316,0.04713570739635308,0.23752021409047328
E2.14.4__BY_2019,01-OGDEN STATION,All,1562.19,929.5799999999999,632.61,19856.33,16117.060000000001,3739.27,0.07867465941591421,0.057676772314553634,0.16918008060396816
E2.14.4__BY_2019,02-ROY STATION,All,1292.64,1254.3799999999999,38.26,19856.33,16117.060000000001,3739.27,0.06509964328755616,0.07782933115593041,0.01023194366814913
E2.14.4__BY_2019,03-CLEARFIELD STATION,All,1539.92,1409.9,130.02,19856.33,16117.060000000001,3739.27,0.07755310271334129,0.08747873371446156,0.034771492831488504
E2.14.4__BY_2019,04-LAYTON STATION,All,1568.6399999999999,1346.8999999999999,221.74,19856.33,16117.060000000001,3739.27,0.0789994928569378,0.08356983221505658,0.05930034471969128
E2.14.4__BY_2019,05-FARMINGTON STATION,All,714.5899999999999,659.86,54.730000000000004,19856.33,16117.060000000001,3739.27,0.03598801994124795,0.04094171021265665,0.014636546705640407
E2.14.4__BY_2019,06-WOODS CROSS STATION,All,1782.29,1656.9,125.39,19856.33,16117.060000000001,3739.27,0.08975928582975806,0.10280410943435092,0.03353328323442811
E2.14.4__BY_2019,07-NORTH TEMPLE STATION,All,315.31,255.92000000000002,59.39,19856.33,16117.060000000001,3739.27,0.015879570897542494,0.015878826535360668,0.015882779259053237
E2.14.4__BY_2019,08-SALT LAKE CENTRAL STATION,All,790.69,161.46,629.2299999999999,19856.33,16117.060000000001,3739.27,0.03982055092758833,0.010017956128475045,0.1682761608549262
E2.14.4__BY_2019,09-MURRAY CENTRAL STATION,All,1641.15,1027.71,613.44,19856.33,16117.060000000001,3739.27,0.08265122507532863,0.06376535174529349,0.16405341149475702
E2.14.4__BY_2019,10-SOUTH JORDAN STATION,All,1758.8999999999999,1693.78,65.11999999999999,19856.33,16117.060000000001,3739.27,0.08858132394052676,0.10509236796289148,0.017415163922369872
E2.14.4__BY_2019,11-DRAPER STATION,All,1502.53,1472.41,30.12,19856.33,16117.060000000001,3739.27,0.07567007599088048,0.09135723264664895,0.008055048177852896
E2.14.4__BY_2019,12-LEHI STATION,All,1280.69,1164.6100000000001,116.08,19856.33,16117.060000000001,3739.27,0.06449782009062097,0.07225945674955606,0.031043492446386593
E2.14.4__BY_2019,13-AMERICAN FORK STATION,All,1552.03,1551.98,0.049999999999999996,19856.33,16117.060000000001,3739.27,0.0781629837940848,0.09629423728645298,1.3371593920738539e-05
E2.14.4__BY_2019,14-OREM CENTRAL STATION,All,737.98,648.1800000000001,89.8,19856.33,16117.060000000001,3739.27,0.03716598183047925,0.04021701228387808,0.024015382681646418
E2.14.4__BY_2019,15-PROVO CENTRAL STATION,All,1816.78,883.49,933.2900000000001,19856.33,16117.060000000001,3739.27,0.09149626340819274,0.054817069614433396,0.24959149780572146
E2.16.2__BY_2019,01-OGDEN STATION,All,1962.6399999999999,1460.4,502.24,19617.87,16100.38,3517.49,0.10004348076524108,0.09070593364877104,0.14278363264714328
E2.16.2__BY_2019,02-ROY STATION,All,1437.0600000000002,1401.81,35.25,19617.87,16100.38,3517.49,0.07325260081751996,0.08706688910448077,0.010021350451600432
E2.16.2__BY_2019,03-CLEARFIELD STATION,All,1524.1,1399.65,124.45,19617.87,16100.38,3517.49,0.07768937198584759,0.08693273078026731,0.03538034223267159
E2.16.2__BY_2019,04-LAYTON STATION,All,2043.34,1833.44,209.9,19617.87,16100.38,3517.49,0.10415707719543457,0.11387557312311884,0.05967323290187037
E2.16.2__BY_2019,05-FARMINGTON STATION,All,662.5699999999999,603.1800000000001,59.39,19617.87,16100.38,3517.49,0.03377379909235814,0.03746371203661032,0.016884198675760274
E2.16.2__BY_2019,06-WOODS CROSS STATION,All,1088.52,933.78,154.74,19617.87,16100.38,3517.49,0.05548614604949467,0.05799738888150466,0.04399159628030215
E2.16.2__BY_2019,07-NORTH TEMPLE STATION,All,320.42,263.65,56.77,19617.87,16100.38,3517.49,0.01633306775914001,0.016375389897629745,0.016139349365598767
E2.16.2__BY_2019,08-SALT LAKE CENTRAL STATION,All,797.0400000000001,180.42999999999998,616.61,19617.87,16100.38,3517.49,0.04062826392467685,0.011206567795294272,0.1752982950911019
E2.16.2__BY_2019,09-MURRAY CENTRAL STATION,All,1522.42,926.09,596.33,19617.87,16100.38,3517.49,0.0776037357776354,0.05751976040317061,0.16953282027809605
E2.16.2__BY_2019,10-SOUTH JORDAN STATION,All,1671.3600000000001,1608.24,63.12,19617.87,16100.38,3517.49,0.08519579342711518,0.09988832561715935,0.017944613915036007
E2.16.2__BY_2019,11-DRAPER STATION,All,1559.6,1530.2199999999998,29.380000000000003,19617.87,16100.38,3517.49,0.07949894662366505,0.09504247725830073,0.008352546844482858
E2.16.2__BY_2019,12-LEHI STATION,All,1141.2,1030.43,110.77,19617.87,16100.38,3517.49,0.05817145286414886,0.06400035278670442,0.03149120537656113
E2.16.2__BY_2019,13-AMERICAN FORK STATION,All,1430.05,1430.05,0.0,19617.87,16100.38,3517.49,0.07289527354396783,0.08882088497290126,0.0
E2.16.2__BY_2019,14-OREM CENTRAL STATION,All,1079.74,1001.32,78.42,19617.87,16100.38,3517.49,0.05503859491371897,0.06219232092658683,0.022294306451475343
E2.16.2__BY_2019,15-PROVO CENTRAL STATION,All,1377.81,497.69,880.12,19617.87,16100.38,3517.49,0.07023239526003587,0.030911692767499898,0.25021250948829993
E2.16.3__BY_2019,01-OGDEN STATION,All,1867.09,1373.29,493.8,19632.6,16112.45,3520.15,0.09510151482737896,0.08523160661476063,0.14027811314858743
E2.16.3__BY_2019,02-ROY STATION,All,1470.38,1435.53,34.85,19632.6,16112.45,3520.15,0.07489481780304189,0.08909445801228243,0.009900146300583782
E2.16.3__BY_2019,03-CLEARFIELD STATION,All,1560.35,1435.5,124.85,19632.6,16112.45,3520.15,0.07947750170634557,0.0890925960980484,0.03546723861199096
E2.16.3__BY_2019,04-LAYTON STATION,All,2123.29,1913.09,210.20000000000002,19632.6,16112.45,3520.15,0.10815123824658986,0.11873365006563247,0.05971336448730878
E2.16.3__BY_2019,05-FARMINGTON STATION,All,713.45,653.9300000000001,59.519999999999996,19632.6,16112.45,3520.15,0.036340067031366205,0.040585385835177144,0.01690837038194395
E2.16.3__BY_2019,06-WOODS CROSS STATION,All,1135.45,978.73,156.72,19632.6,16112.45,3520.15,0.05783492762038651,0.06074371060887698,0.04452083007826371
E2.16.3__BY_2019,07-NORTH TEMPLE STATION,All,320.98,264.23,56.75,19632.6,16112.45,3520.15,0.016349337326691322,0.016399119935205386,0.01612147209635953
E2.16.3__BY_2019,08-SALT LAKE CENTRAL STATION,All,761.78,143.57,618.21,19632.6,16112.45,3520.15,0.03880178886138362,0.008910500885960855,0.17562035708705595
E2.16.3__BY_2019,09-MURRAY CENTRAL STATION,All,1419.83,812.72,607.11,19632.6,16112.45,3520.15,0.0723200187443334,0.05044049787586618,0.17246708236864905
E2.16.3__BY_2019,10-SOUTH JORDAN STATION,All,1640.2399999999998,1578.1200000000001,62.12,19632.6,16112.45,3520.15,0.08354675386856554,0.0979441363665985,0.017646975270940158
E2.16.3__BY_2019,11-DRAPER STATION,All,1439.9299999999998,1411.29,28.64,19632.6,16112.45,3520.15,0.07334382608518485,0.08759003131119103,0.008136016931096687
E2.16.3__BY_2019,12-LEHI STATION,All,1180.8700000000001,1070.3,110.57,19632.6,16112.45,3520.15,0.06014842659657917,0.06642689348919624,0.03141059329858102
E2.16.3__BY_2019,13-AMERICAN FORK STATION,All,1499.38,1499.46,-0.08,19632.6,16112.45,3520.15,0.07637195277242954,0.09306219724498757,-2.2726304276806387e-05
E2.16.3__BY_2019,14-OREM CENTRAL STATION,All,1119.08,1041.29,77.79,19632.6,16112.45,3520.15,0.05700111039801147,0.06462642242489502,0.022098490121159612
E2.16.3__BY_2019,15-PROVO CENTRAL STATION,All,1380.5,501.4,879.0999999999999,19632.6,16112.45,3520.15,0.07031671811171215,0.031118793231321117,0.24973367612175615
E2.17.3__BY_2019,01-OGDEN STATION,All,1744.44,1229.2,515.24,19606.5,16109.26,3497.24,0.08897253461862138,0.07630393947332156,0.14732760691287988
E2.17.3__BY_2019,02-ROY STATION,All,1299.8,1262.1100000000001,37.690000000000005,19606.5,16109.26,3497.24,0.06629434116236962,0.0783468638534607,0.010777069917992476
E2.17.3__BY_2019,03-CLEARFIELD STATION,All,1389.92,1258.19,131.73000000000002,19606.5,16109.26,3497.24,0.07089077601815724,0.07810352554990112,0.037666845855588986
E2.17.3__BY_2019,04-LAYTON STATION,All,1917.1499999999999,1704.8899999999999,212.26,19606.5,16109.26,3497.24,0.09778134802233952,0.10583291845807938,0.06069357550525557
E2.17.3__BY_2019,05-FARMINGTON STATION,All,659.18,599.07,60.11,19606.5,16109.26,3497.24,0.03362048300308571,0.03718792793709953,0.017187839553476456
E2.17.3__BY_2019,06-WOODS CROSS STATION,All,1042.3899999999999,883.97,158.42000000000002,19606.5,16109.26,3497.24,0.05316553183893096,0.05487340821366096,0.04529857830746532
E2.17.3__BY_2019,07-NORTH TEMPLE STATION,All,306.95,249.51999999999998,57.43,19606.5,16109.26,3497.24,0.015655522403284626,0.015489227934740639,0.016421520970822705
E2.17.3__BY_2019,08-SALT LAKE CENTRAL STATION,All,744.84,124.03,620.81,19606.5,16109.26,3497.24,0.03798944227679596,0.007699298415942135,0.17751426839450538
E2.17.3__BY_2019,09-MURRAY CENTRAL STATION,All,1328.23,721.1300000000001,607.0999999999999,19606.5,16109.26,3497.24,0.06774437048937852,0.04476493644028342,0.17359403415264607
E2.17.3__BY_2019,10-SOUTH JORDAN STATION,All,1490.54,1427.3500000000001,63.19,19606.5,16109.26,3497.24,0.07602274755820773,0.08860431826167063,0.018068534043988976
E2.17.3__BY_2019,11-DRAPER STATION,All,1327.55,1298.41,29.139999999999997,19606.5,16109.26,3497.24,0.06770968811363579,0.08060022620530055,0.008332284887511294
E2.17.3__BY_2019,12-LEHI STATION,All,1530.4399999999998,1433.25,97.19,19606.5,16109.26,3497.24,0.07805778695840664,0.0889705672389669,0.027790486211984308
E2.17.3__BY_2019,13-AMERICAN FORK STATION,All,1992.72,1992.91,-0.19,19606.5,16109.26,3497.24,0.10163568204422004,0.12371207615992293,-5.43285562329151e-05
E2.17.3__BY_2019,14-OREM CENTRAL STATION,All,1367.55,1296.55,71.0,19606.5,16109.26,3497.24,0.06974982786320863,0.08048476466330545,0.020301723644931432
E2.17.3__BY_2019,15-PROVO CENTRAL STATION,All,1464.8,628.68,836.12,19606.5,16109.26,3497.24,0.07470991762935761,0.03902600119434412,0.23907996019718408
E2.18.2__BY_2019,01-OGDEN STATION,All,1571.1100000000001,1039.98,531.13,19599.11,16109.62,3489.49,0.08016231349280656,0.06455645757007303,0.15220848891958424
E2.18.2__BY_2019,02-ROY STATION,All,1165.94,1127.48,38.46,19599.11,16109.62,3489.49,0.059489435999899996,0.06998799475096247,0.011021667922819669
E2.18.2__BY_2019,03-CLEARFIELD STATION,All,1274.42,1141.72,132.7,19599.11,16109.62,3489.49,0.06502438120914675,0.07087193863045807,0.03802847980650467
E2.18.2__BY_2019,04-LAYTON STATION,All,1740.14,1530.81,209.32999999999998,19599.11,16109.62,3489.49,0.0887866847014992,0.095024587792884,0.05998870895173793
E2.18.2__BY_2019,05-FARMINGTON STATION,All,606.81,547.22,59.589999999999996,19599.11,16109.62,3489.49,0.030961099764223985,0.03396852315572931,0.017076994059303796
E2.18.2__BY_2019,06-WOODS CROSS STATION,All,950.06,792.1700000000001,157.89,19599.11,16109.62,3489.49,0.048474650124418914,0.04917372352668778,0.04524729974867387
E2.18.2__BY_2019,07-NORTH TEMPLE STATION,All,299.03,241.55,57.480000000000004,19599.11,16109.62,3489.49,0.01525732546018671,0.014994146354786768,0.016472321170142343
E2.18.2__BY_2019,08-SALT LAKE CENTRAL STATION,All,730.17,115.94,614.23,19599.11,16109.62,3489.49,0.03725526312164174,0.007196941951455093,0.17602285720835997
E2.18.2__BY_2019,09-MURRAY CENTRAL STATION,All,1255.76,669.37,586.39,19599.11,16109.62,3489.49,0.06407229716043228,0.041550949060250954,0.16804461396937662
E2.18.2__BY_2019,10-SOUTH JORDAN STATION,All,1393.85,1331.41,62.440000000000005,19599.11,16109.62,3489.49,0.07111802525726933,0.08264689049151998,0.01789373232191524
E2.18.2__BY_2019,11-DRAPER STATION,All,1222.3700000000001,1193.15,29.22,19599.11,16109.62,3489.49,0.062368648372298545,0.07406444099860829,0.008373716502984676
E2.18.2__BY_2019,12-LEHI STATION,All,1465.22,1364.28,100.94,19599.11,16109.62,3489.49,0.07475951714133958,0.08468728623021524,0.028926863237894365
E2.18.2__BY_2019,13-AMERICAN FORK STATION,All,1917.13,1917.14,-0.01,19599.11,16109.62,3489.49,0.09781719680128333,0.11900591075394702,-2.865748289864708e-06
E2.18.2__BY_2019,14-OREM CENTRAL STATION,All,1195.3700000000001,1117.8799999999999,77.49000000000001,19599.11,16109.62,3489.49,0.06099103479698823,0.06939207752883059,0.022206683498161628
E2.18.2__BY_2019,15-PROVO CENTRAL STATION,All,2811.73,1979.52,832.2099999999999,19599.11,16109.62,3489.49,0.14346212659656485,0.12287813120359138,0.23849043843083087
E2.18.2__RTP_2050,01-OGDEN STATION,All,5687.0,4172.02,1514.98,78488.9,59607.08,18881.82,0.07245610525819575,0.06999202108205939,0.08023485024219064
E2.18.2__RTP_2050,02-ROY STATION,All,7094.77,6368.299999999999,726.47,78488.9,59607.08,18881.82,0.0903920172151731,0.10683797964939734,0.038474575014484834
E2.18.2__RTP_2050,03-CLEARFIELD STATION,All,5272.33,3649.0099999999998,1623.32,78488.9,59607.08,18881.82,0.06717293782942557,0.06121772782696283,0.08597264458616807
E2.18.2__RTP_2050,04-LAYTON STATION,All,6222.34,4850.08,1372.26,78488.9,59607.08,18881.82,0.07927668753161275,0.08136751540253272,0.07267625684388475
E2.18.2__RTP_2050,05-FARMINGTON STATION,All,4085.2300000000005,3579.05,506.18,78488.9,59607.08,18881.82,0.0520485062218989,0.0600440417480608,0.026807797129725842
E2.18.2__RTP_2050,06-WOODS CROSS STATION,All,4670.52,3786.46,884.0600000000001,78488.9,59607.08,18881.82,0.05950548421496544,0.06352366195425108,0.0468206984284354
E2.18.2__RTP_2050,07-NORTH TEMPLE STATION,All,1401.63,683.1600000000001,718.47,78488.9,59607.08,18881.82,0.0178576843349824,0.011461054626396731,0.03805088704372778
E2.18.2__RTP_2050,08-SALT LAKE CENTRAL STATION,All,2348.56,516.13,1832.43,78488.9,59607.08,18881.82,0.02992219281962163,0.008658870724752831,0.09704731853179407
E2.18.2__RTP_2050,09-MURRAY CENTRAL STATION,All,5881.8,2062.8599999999997,3818.94,78488.9,59607.08,18881.82,0.07493798486155367,0.03460763385825978,0.20225486738036905
E2.18.2__RTP_2050,10-SOUTH JORDAN STATION,All,5382.65,4535.01,847.64,78488.9,59607.08,18881.82,0.06857848689432519,0.07608173391483025,0.044891858941563896
E2.18.2__RTP_2050,11-DRAPER STATION,All,4149.52,3590.02,559.5,78488.9,59607.08,18881.82,0.05286760293493731,0.060228080288448956,0.029631677454821623
E2.18.2__RTP_2050,12-LEHI STATION,All,8264.5,6584.42,1680.0800000000002,78488.9,59607.08,18881.82,0.10529514364451535,0.11046372343688031,0.08897871073868939
E2.18.2__RTP_2050,13-AMERICAN FORK STATION,All,7223.639999999999,7156.75,66.89,78488.9,59607.08,18881.82,0.09203390543121384,0.12006543517984776,0.0035425610454924367
E2.18.2__RTP_2050,14-OREM CENTRAL STATION,All,3227.51,2602.2799999999997,625.23,78488.9,59607.08,18881.82,0.04112059157409519,0.043657229980062766,0.03311280374455429
E2.18.2__RTP_2050,15-PROVO CENTRAL STATION,All,7576.9,5471.53,2105.37,78488.9,59607.08,18881.82,0.09653466923348397,0.09179329032725642,0.11150249287409794
E2.18.2__RTP_MedDistAdj_2050,01-OGDEN STATION,All,5702.43,4183.86,1518.57,76146.51,56820.56,19325.95,0.07488760811230877,0.073632854023262,0.07857673232105018
E2.18.2__RTP_MedDistAdj_2050,02-ROY STATION,All,7114.889999999999,6386.58,728.3100000000001,76146.51,56820.56,19325.95,0.09343684956802353,0.11239910342312713,0.03768559889682008
E2.18.2__RTP_MedDistAdj_2050,03-CLEARFIELD STATION,All,5284.629999999999,3657.33,1627.3,76146.51,56820.56,19325.95,0.06940081692516177,0.06436631388356609,0.0842028464318701
E2.18.2__RTP_MedDistAdj_2050,04-LAYTON STATION,All,6239.2300000000005,4864.17,1375.06,76146.51,56820.56,19325.95,0.0819371761095814,0.08560580888326338,0.07115096541179088
E2.18.2__RTP_MedDistAdj_2050,05-FARMINGTON STATION,All,4093.3199999999997,3586.2200000000003,507.1,76146.51,56820.56,19325.95,0.05375584514641577,0.0631148302656644,0.026239331054876993
E2.18.2__RTP_MedDistAdj_2050,06-WOODS CROSS STATION,All,4679.99,3794.96,885.03,76146.51,56820.56,19325.95,0.061460334820335166,0.06678850050052305,0.045794902708534375
E2.18.2__RTP_MedDistAdj_2050,07-NORTH TEMPLE STATION,All,1401.4399999999998,682.8399999999999,718.6,76146.51,56820.56,19325.95,0.018404520443550204,0.012017480996315418,0.037183165639981475
E2.18.2__RTP_MedDistAdj_2050,08-SALT LAKE CENTRAL STATION,All,2348.23,516.34,1831.8899999999999,76146.51,56820.56,19325.95,0.030838314191943928,0.009087203646004193,0.09478913067662909
E2.18.2__RTP_MedDistAdj_2050,09-MURRAY CENTRAL STATION,All,5886.74,2062.63,3824.11,76146.51,56820.56,19325.95,0.07730807360705041,0.03630076859502969,0.1978743606394511
E2.18.2__RTP_MedDistAdj_2050,10-SOUTH JORDAN STATION,All,5393.1900000000005,4544.12,849.07,76146.51,56820.56,19325.95,0.07082648961849992,0.0799731646432207,0.04393419210957288
E2.18.2__RTP_MedDistAdj_2050,11-DRAPER STATION,All,4160.5599999999995,3599.52,561.04,76146.51,56820.56,19325.95,0.05463887970702794,0.063348900468422,0.02903039695331924
E2.18.2__RTP_MedDistAdj_2050,12-LEHI STATION,All,8305.83,6619.25,1686.5800000000002,76146.51,56820.56,19325.95,0.1090769622928221,0.11649392403031579,0.08727022474962422
E2.18.2__RTP_MedDistAdj_2050,13-AMERICAN FORK STATION,All,7264.429999999999,7197.1900000000005,67.24,76146.51,56820.56,19325.95,0.0954006953174873,0.1266652422996183,0.003479259751784517
E2.18.2__RTP_MedDistAdj_2050,14-OREM CENTRAL STATION,All,3212.5299999999997,2582.4,630.13,76146.51,56820.56,19325.95,0.04218880156162114,0.04544833771437663,0.0326053829177867
E2.18.2__RTP_MedDistAdj_2050,15-PROVO CENTRAL STATION,All,5059.07,2543.15,2515.92,76146.51,56820.56,19325.95,0.06643863257817069,0.04475756662729125,0.13018350973690815
E2.18.3__BY_2019,01-OGDEN STATION,All,1623.75,1096.24,527.51,19595.02,16101.07,3493.95,0.08286544234198281,0.06808491609563837,0.15097811932053978
E2.18.3__BY_2019,02-ROY STATION,All,1204.6,1166.26,38.339999999999996,19595.02,16101.07,3493.95,0.061474803291856804,0.0724336954003678,0.010973253767226205
E2.18.3__BY_2019,03-CLEARFIELD STATION,All,1307.81,1175.0900000000001,132.72,19595.02,16101.07,3493.95,0.06674195790563112,0.07298210615816217,0.037985660928175846
E2.18.3__BY_2019,04-LAYTON STATION,All,1806.27,1595.8200000000002,210.45,19595.02,16101.07,3493.95,0.09218005391165714,0.09911266766742832,0.06023268793199674
E2.18.3__BY_2019,05-FARMINGTON STATION,All,628.5,568.6600000000001,59.84,19595.02,16101.07,3493.95,0.032074476065857546,0.03531814966334536,0.01712674766381889
E2.18.3__BY_2019,06-WOODS CROSS STATION,All,990.28,832.04,158.24,19595.02,16101.07,3493.95,0.050537330403337175,0.05167606873332021,0.04528971507892214
E2.18.3__BY_2019,07-NORTH TEMPLE STATION,All,301.7,244.25,57.45,19595.02,16101.07,3493.95,0.015396769179107752,0.015169799274209727,0.01644270810973254
E2.18.3__BY_2019,08-SALT LAKE CENTRAL STATION,All,735.76,118.49,617.27,19595.02,16101.07,3493.95,0.03754831584759801,0.007359138243607412,0.1766682408162681
E2.18.3__BY_2019,09-MURRAY CENTRAL STATION,All,1282.88,688.9300000000001,593.9499999999999,19595.02,16101.07,3493.95,0.06546969587170619,0.0427878395659419,0.16999384650610339
E2.18.3__BY_2019,10-SOUTH JORDAN STATION,All,1431.72,1368.98,62.74,19595.02,16101.07,3493.95,0.07306550337789908,0.08502416299040996,0.017956753817312786
E2.18.3__BY_2019,11-DRAPER STATION,All,1265.3400000000001,1236.14,29.2,19595.02,16101.07,3493.95,0.06457457047760094,0.07677377963079474,0.0083573033386282
E2.18.3__BY_2019,12-LEHI STATION,All,1507.52,1406.98,100.53999999999999,19595.02,16101.07,3493.95,0.07693383318822844,0.08738425458680697,0.028775454714578055
E2.18.3__BY_2019,13-AMERICAN FORK STATION,All,1962.48,1962.55,-0.07,19595.02,16101.07,3493.95,0.10015197739017362,0.12188941480286714,-2.003463129123199e-05
E2.18.3__BY_2019,14-OREM CENTRAL STATION,All,1258.78,1182.92,75.86,19595.02,16101.07,3493.95,0.06423979153887059,0.07346840924236712,0.021711816139326552
E2.18.3__BY_2019,15-PROVO CENTRAL STATION,All,2287.63,1457.7199999999998,829.91,19595.02,16101.07,3493.95,0.11674547920849278,0.09053559794473286,0.23752772649866197
OBS,01-OGDEN STATION,All,1948.111,0.0,0.0,20628.010000000002,0.0,0.0,0.09444008413802397,,
OBS,02-ROY STATION,All,867.799,0.0,0.0,20628.010000000002,0.0,0.0,0.04206896351126453,,
OBS,03-CLEARFIELD STATION,All,983.6410000000001,0.0,0.0,20628.010000000002,0.0,0.0,0.04768472576850603,,
OBS,04-LAYTON STATION,All,1497.25,0.0,0.0,20628.010000000002,0.0,0.0,0.07258334662432293,,
OBS,05-FARMINGTON STATION,All,505.536,0.0,0.0,20628.010000000002,0.0,0.0,0.02450725978899564,,
OBS,06-WOODS CROSS STATION,All,767.5,0.0,0.0,20628.010000000002,0.0,0.0,0.03720669129014383,,
OBS,07-NORTH TEMPLE STATION,All,996.82,0.0,0.0,20628.010000000002,0.0,0.0,0.048323614347675806,,
OBS,08-SALT LAKE CENTRAL STATION,All,897.182,0.0,0.0,20628.010000000002,0.0,0.0,0.04349338593494961,,
OBS,09-MURRAY CENTRAL STATION,All,1835.317,0.0,0.0,20628.010000000002,0.0,0.0,0.08897208213492236,,
OBS,10-SOUTH JORDAN STATION,All,1192.037,0.0,0.0,20628.010000000002,0.0,0.0,0.05778729988981002,,
OBS,11-DRAPER STATION,All,1080.296,0.0,0.0,20628.010000000002,0.0,0.0,0.05237034498238075,,
OBS,12-LEHI STATION,All,1420.5610000000001,0.0,0.0,20628.010000000002,0.0,0.0,0.06886563463950231,,
OBS,13-AMERICAN FORK STATION,All,1559.845,0.0,0.0,20628.010000000002,0.0,0.0,0.07561781286706763,,
OBS,14-OREM CENTRAL STATION,All,1846.828,0.0,0.0,20628.010000000002,0.0,0.0,0.08953010978761401,,
OBS,15-PROVO CENTRAL STATION,All,3229.287,0.0,0.0,20628.010000000002,0.0,0.0,0.15654864429482046,,
v910-official__BY_2019,01-OGDEN STATION,All,1275.1399999999999,627.0,648.1400000000001,18614.89,14903.05,3711.84,0.06850107628892783,0.042071924874438456,0.17461420750894438
v910-official__BY_2019,02-ROY STATION,All,1412.82,1373.88,38.94,18614.89,14903.05,3711.84,0.07589730586643273,0.09218784074400879,0.010490753911806542
v910-official__BY_2019,03-CLEARFIELD STATION,All,1263.56,1158.07,105.49000000000001,18614.89,14903.05,3711.84,0.06787899364433526,0.07770691234344647,0.02841986723565671
v910-official__BY_2019,04-LAYTON STATION,All,1204.99,1007.29,197.7,18614.89,14903.05,3711.84,0.06473258772950041,0.06758952026598582,0.05326199405146773
v910-official__BY_2019,05-FARMINGTON STATION,All,582.42,540.59,41.83,18614.89,14903.05,3711.84,0.03128785611948284,0.036273782883369514,0.01126934350618561
v910-official__BY_2019,06-WOODS CROSS STATION,All,1334.17,1246.48,87.69,18614.89,14903.05,3711.84,0.07167219360415238,0.08363925505181825,0.023624401913875596
v910-official__BY_2019,07-NORTH TEMPLE STATION,All,304.05,248.61,55.440000000000005,18614.89,14903.05,3711.84,0.016333698453227498,0.01668182016432878,0.014935988620199148
v910-official__BY_2019,08-SALT LAKE CENTRAL STATION,All,746.8,160.34,586.4599999999999,18614.89,14903.05,3711.84,0.040118421328302234,0.0107588715061682,0.15799711194448035
v910-official__BY_2019,09-MURRAY CENTRAL STATION,All,1480.9099999999999,917.4,563.51,18614.89,14903.05,3711.84,0.07955513032846286,0.06155786902680995,0.15181419457735246
v910-official__BY_2019,10-SOUTH JORDAN STATION,All,1670.84,1609.3200000000002,61.52,18614.89,14903.05,3711.84,0.08975825266762254,0.10798594918489841,0.016573990258200784
v910-official__BY_2019,11-DRAPER STATION,All,1293.3,1263.9699999999998,29.330000000000002,18614.89,14903.05,3711.84,0.06947663939996422,0.08481284032463153,0.007901741454373034
v910-official__BY_2019,12-LEHI STATION,All,1655.52,1518.32,137.2,18614.89,14903.05,3711.84,0.08893525559377466,0.10187981654761945,0.036962800120694854
v910-official__BY_2019,13-AMERICAN FORK STATION,All,1603.51,1603.3500000000001,0.16,18614.89,14903.05,3711.84,0.08614125573667102,0.10758536004374945,4.3105306263201e-05
v910-official__BY_2019,14-OREM CENTRAL STATION,All,1358.76,1256.4499999999998,102.31,18614.89,14903.05,3711.84,0.0729931791162881,0.08430824562757287,0.027563149273675588
v910-official__BY_2019,15-PROVO CENTRAL STATION,All,1428.1000000000001,371.98,1056.1200000000001,18614.89,14903.05,3711.84,0.07671815412285542,0.024959991411154094,0.284527350316824
v910-official__RTP_2050,01-OGDEN STATION,All,5009.6,3361.4100000000003,1648.1899999999998,75187.77,55696.75,19491.02,0.06662785716347219,0.06035199540368155,0.08456150576008849
v910-official__RTP_2050,02-ROY STATION,All,5736.99,4998.46,738.53,75187.77,55696.75,19491.02,0.07630216988746973,0.08974419512808197,0.03789078252446511
v910-official__RTP_2050,03-CLEARFIELD STATION,All,5002.219999999999,3603.31,1398.91,75187.77,55696.75,19491.02,0.06652970290248,0.06469515725782922,0.07177202629723842
v910-official__RTP_2050,04-LAYTON STATION,All,5052.08,3842.7799999999997,1209.3,75187.77,55696.75,19491.02,0.06719284266576864,0.06899468999537675,0.0620439566528586
v910-official__RTP_2050,05-FARMINGTON STATION,All,3844.98,3446.35,398.63,75187.77,55696.75,19491.02,0.051138369976925765,0.061877039504100326,0.020451982502711505
v910-official__RTP_2050,06-WOODS CROSS STATION,All,5546.77,4926.2,620.5699999999999,75187.77,55696.75,19491.02,0.07377223716037862,0.08844681242621877,0.031838764723447
v910-official__RTP_2050,07-NORTH TEMPLE STATION,All,1359.9299999999998,675.86,684.07,75187.77,55696.75,19491.02,0.01808711709364435,0.012134639812915475,0.035096675289440986
v910-official__RTP_2050,08-SALT LAKE CENTRAL STATION,All,2348.56,521.96,1826.6,75187.77,55696.75,19491.02,0.031235931056340677,0.009371462428238633,0.09371495180857646
v910-official__RTP_2050,09-MURRAY CENTRAL STATION,All,6668.47,2977.88,3690.5899999999997,75187.77,55696.75,19491.02,0.08869088682906807,0.05346595627213437,0.18934822292522402
v910-official__RTP_2050,10-SOUTH JORDAN STATION,All,5957.07,5147.55,809.52,75187.77,55696.75,19491.02,0.07922924167055359,0.09242101199800706,0.041532972620211765
v910-official__RTP_2050,11-DRAPER STATION,All,3885.87,3302.74,583.13,75187.77,55696.75,19491.02,0.05168220842299219,0.05929861257613774,0.02991788013146567
v910-official__RTP_2050,12-LEHI STATION,All,11092.05,9133.5,1958.55,75187.77,55696.75,19491.02,0.14752465726806366,0.16398622899899903,0.10048473604767734
v910-official__RTP_2050,13-AMERICAN FORK STATION,All,5015.6900000000005,4951.4800000000005,64.21000000000001,75187.77,55696.75,19491.02,0.0667088543788438,0.08890069887381222,0.003294337597519268
v910-official__RTP_2050,14-OREM CENTRAL STATION,All,2864.85,2025.09,839.76,75187.77,55696.75,19491.02,0.03810260631483019,0.036359213060007986,0.043084456329119766
v910-official__RTP_2050,15-PROVO CENTRAL STATION,All,5802.64,2782.18,3020.46,75187.77,55696.75,19491.02,0.07717531720916845,0.04995228626445888,0.1549667487899556
